id,diagnosis,TP53,PTEN,EGFR,KRAS,FGFR1,ALK,METex14,MET,BRAF,PIK3CA,ROS1,HER2,RET
1001,B,0,0,0,0,0,0,0,1,0,0,0,0,0
1002,B,0,0,0,0,0,0,0,0,1,0,0,0,0
1003,B,0,0,0,0,0,0,0,0,0,0,1,0,0
1004,B,0,0,0,0,0,1,0,0,0,0,0,0,0
1005,M,1,0,0,0,1,0,0,0,0,0,0,0,0
1006,B,0,0,0,0,0,0,0,0,0,0,0,1,0
1007,B,0,0,0,0,0,0,0,0,0,0,1,0,0
1008,B,0,0,0,0,0,0,0,0,0,1,0,0,0
1009,B,0,0,0,1,0,0,0,0,0,0,0,0,0
1010,B,0,0,0,0,0,0,1,0,0,0,0,0,0
1011,B,0,0,0,1,0,0,0,0,0,0,0,0,0
1012,M,0,0,0,0,0,0,0,0,0,0,0,0,1
1013,B,0,0,0,1,1,0,0,0,0,0,0,0,0
1014,M,0,0,0,0,0,0,0,0,0,0,0,0,1
1015,M,1,0,0,1,0,0,0,0,0,0,0,0,0
1016,B,1,0,0,0,0,0,0,0,0,0,0,0,0
1017,M,0,0,1,0,0,0,0,0,0,0,0,0,0
1018,B,1,0,0,1,0,0,0,0,0,0,0,0,0
1019,M,0,0,1,0,0,0,0,0,0,0,0,0,0
1020,M,1,1,0,0,0,0,0,0,0,0,0,0,0
1021,M,0,0,1,0,1,0,0,0,0,0,0,0,0
1022,M,1,1,1,0,0,0,0,0,0,0,0,0,0
1023,M,0,0,1,0,1,1,0,0,0,0,0,0,0
1024,M,1,1,0,0,1,0,0,0,0,0,0,0,0
1025,M,0,0,1,1,0,0,0,0,0,0,0,0,0
1026,M,1,0,0,1,0,0,0,1,0,0,0,0,0
1027,M,0,1,1,1,0,0,0,0,0,0,0,0,0
1028,M,1,1,1,0,0,0,0,0,0,0,0,0,0
1029,M,0,1,1,1,1,0,0,0,0,0,0,0,0
1030,B,0,0,0,1,0,0,0,0,0,0,0,0,0
1031,M,0,1,1,0,1,0,0,0,0,0,0,0,0
1032,B,0,0,0,1,0,0,0,0,0,1,0,0,0
1033,B,0,1,0,0,0,0,0,0,0,0,0,0,0
1034,M,1,1,0,0,0,0,0,0,0,0,0,0,0
1035,B,0,1,0,0,0,0,0,0,0,0,0,0,0
1036,B,0,1,0,0,0,0,0,0,0,0,0,0,0
1037,M,0,1,0,0,1,0,0,0,0,0,0,0,0
1038,B,0,1,0,0,0,0,0,0,0,0,0,0,0
1039,M,0,1,0,0,1,0,0,0,0,0,0,0,0
1040,B,0,1,0,0,0,0,0,0,0,0,0,0,0
1041,M,1,1,0,1,0,0,0,0,1,0,0,0,0
1042,B,0,1,0,0,0,0,0,0,0,0,0,0,0
1043,M,0,1,0,1,0,1,0,0,0,0,0,0,0
1044,B,0,1,0,0,0,0,0,0,0,0,0,0,0
1045,M,1,1,0,1,1,0,0,0,0,0,0,0,0
1046,M,0,1,0,0,0,0,0,0,0,0,0,0,0
1047,M,0,0,0,1,1,0,0,0,0,0,0,0,0
1048,M,0,1,1,0,0,0,0,1,0,0,0,0,0
1049,M,0,1,0,0,0,0,0,0,0,0,0,0,0
1050,B,0,1,1,0,0,0,0,0,0,0,0,0,0
1051,M,0,1,0,0,0,0,0,0,0,0,0,0,0
1052,M,0,1,1,0,0,0,1,0,0,0,0,0,0
1053,M,0,1,0,0,1,0,0,0,0,0,0,0,0
1054,B,0,1,1,0,0,0,0,0,0,0,0,0,0
1055,M,0,1,0,0,1,0,0,0,0,0,0,0,0
1056,B,0,1,1,0,0,0,0,0,0,0,0,0,0
1057,M,0,1,0,1,0,0,0,0,0,0,0,0,0
1058,B,0,1,1,0,0,0,0,0,0,0,0,0,0
1059,M,0,1,0,1,0,1,0,0,0,0,0,0,0
1060,B,0,1,1,0,0,0,0,0,0,0,0,0,0
1061,M,0,0,0,1,1,0,0,0,0,1,0,0,0
1062,B,0,1,1,0,0,0,0,0,0,0,0,0,0
1063,M,0,1,0,1,1,0,0,0,0,0,0,0,0
1064,M,0,1,1,1,0,0,0,0,0,0,0,0,0
1065,M,1,0,0,0,0,0,0,0,0,0,0,0,0
1066,M,1,0,0,0,0,0,0,0,0,0,0,0,0
1067,M,1,0,0,0,0,0,0,0,0,0,0,0,0
1068,M,1,0,0,0,0,0,0,0,0,0,0,0,0
1069,M,1,0,0,0,1,0,0,0,0,0,0,0,0
1070,M,1,0,0,0,0,0,1,0,0,0,0,0,0
1071,M,1,0,0,0,1,0,0,0,0,0,0,0,0
1072,M,1,0,0,0,0,1,0,0,0,0,0,0,0
1073,B,0,0,0,0,0,0,0,0,0,0,0,0,0
1074,B,0,0,0,0,0,0,0,0,0,0,0,0,0
1075,M,1,0,0,1,0,0,0,0,0,0,0,0,0
1076,M,1,0,0,0,0,0,0,0,1,0,0,0,0
1077,M,1,0,0,1,0,0,0,0,0,0,0,0,0
1078,M,1,0,0,0,0,0,0,0,0,0,0,0,0
1079,B,0,0,0,0,0,0,0,0,0,0,0,0,0
1080,M,1,0,0,0,0,0,0,1,0,0,0,0,0
1081,M,1,0,1,0,0,0,0,0,0,0,0,0,0
1082,M,1,0,1,0,0,0,0,0,0,0,0,0,0
1083,M,1,0,1,0,0,0,0,0,0,0,0,0,0
1084,M,1,0,1,0,0,0,0,0,0,0,0,0,0
1085,M,1,0,1,0,0,0,0,0,0,0,0,0,0
1086,M,1,0,1,0,1,1,0,0,0,0,0,0,0
1087,M,1,0,0,0,0,0,0,0,0,0,0,0,0
1088,M,1,0,1,0,0,0,0,0,0,0,0,0,0
1089,M,1,0,1,1,0,0,0,0,0,0,0,0,0
1090,M,1,0,1,0,0,0,0,0,0,0,0,0,0
1091,M,1,0,0,1,0,0,0,0,0,0,0,0,0
1092,M,1,0,1,0,0,0,0,0,0,0,0,0,0
1093,M,1,0,1,1,0,0,0,0,0,0,0,0,0
1094,M,1,0,1,0,0,0,1,0,0,0,0,0,0
1095,M,1,0,1,0,0,0,0,0,0,0,0,0,0
1096,B,1,0,1,0,1,0,1,0,1,0,0,0,0
1097,M,0,1,0,0,0,0,0,0,0,0,0,0,0
1098,B,1,0,0,0,0,0,1,0,0,0,0,0,0
1099,M,0,0,0,0,0,0,0,0,1,0,0,0,0
1100,B,1,0,0,0,0,1,0,0,0,0,0,0,0
1101,M,0,0,0,0,0,0,0,0,1,0,0,0,0
1102,M,1,0,0,0,0,0,0,1,0,0,0,0,0
1103,M,1,1,0,0,1,0,0,0,0,0,0,0,0
1104,M,1,0,0,0,0,0,1,0,0,0,0,0,0
1105,M,0,1,0,1,0,0,0,0,0,0,0,0,0
1106,M,1,0,0,1,0,0,0,0,0,0,0,0,0
1107,M,0,1,0,1,0,0,0,0,0,0,0,0,0
1108,M,1,0,0,0,0,0,0,0,0,0,0,0,1
1109,M,1,1,0,1,0,0,0,0,0,0,0,0,0
1110,M,1,0,0,1,1,0,0,0,0,0,0,0,0
1111,M,1,1,0,1,0,1,0,0,0,0,0,0,0
1112,M,1,0,0,1,1,0,0,0,0,0,0,0,0
1113,M,1,1,1,0,0,0,0,0,0,0,0,0,0
1114,M,1,1,1,0,0,0,0,1,0,0,0,0,0
1115,M,1,1,1,0,0,0,0,0,0,0,0,0,0
1116,M,1,0,1,0,0,0,0,0,0,0,0,0,0
1117,M,1,1,1,0,1,0,0,0,0,0,0,0,0
1118,B,0,0,0,0,0,0,0,0,1,1,0,1,0
1119,M,0,1,1,0,1,0,0,0,1,0,0,0,0
1120,B,0,1,0,0,0,0,0,0,0,1,1,0,0
1121,M,1,0,1,1,0,0,0,0,0,0,0,0,0
1122,M,1,1,1,1,0,0,1,0,0,0,0,0,0
1123,M,1,0,0,1,0,0,0,1,0,0,0,0,0
1124,M,1,1,1,0,0,0,0,0,0,0,0,0,0
1125,M,1,1,0,1,1,0,0,0,0,0,0,0,0
1126,M,1,1,1,1,1,0,0,0,0,0,0,0,0
1127,M,1,1,1,1,1,1,0,0,0,0,0,0,0
1128,M,0,1,1,1,1,0,0,0,0,1,0,0,0
